amandamus9,2ba1df08-44bf-463b-91bc-bf45a05ab8e4
patricktheking,17e73558-06ac-4bda-81c5-ceb12b493dc0
lenzneravenger,b3df8e75-de67-49cf-844a-111fb3128980
sovs100jr,ecadf1a2-02a4-4805-901c-022b3f261542
a5h73y,15b1a1d1-989b-449e-8806-6f2c705c4737
bettertrofast,1f9ab814-8282-4139-98df-2ed9119df423
skibet_dk,af9d1256-67c5-49ed-969d-038e3c43f4af
zach01871,89f38385-c4ce-4ae4-86e3-60f62e4f9d52
52x2,0430c5ae-6f8a-411f-aba2-9f9b614c48b5
_joness_,4ed8922d-8e9e-4b7f-b8df-a7329fb595da
k1w,1451a13a-1f23-4128-9d6e-f390218b88a3
leedog25,ea00e692-4f99-4a28-868a-38a263687395
skylvad,dc42244d-4ae2-4b67-b640-b4300fe30410
mannamus,dacd8bda-5c11-407e-8acf-c99eb26a4a59
pastelstuffie,34d5fd0c-aed6-464e-8f57-00df9b0e69ad
derhohi,aae283ae-6f43-4e61-8b41-320c9dd2ffd9
dejmnok420,ce0cb5fa-9597-4ee7-a0f8-12eeeace5981
skibet_dkk,b20b452d-a1c4-4b3f-84ca-9ac043d64e03
chaskie,381242bc-b185-4ba7-9cc4-07472e2a2ee7
laukage,302a4094-299c-4843-ba76-5bca5f5608b6
lunargod9078,4cb2de8d-20a2-4a77-b976-a9d1e02a1184
p0larbear_,58451f79-1ca4-452d-b5d7-a30b6f3ea516
spihlh,99abdae1-986e-4b8c-8f66-3f9889c0b4bc
dokzymc,76662d27-9801-40a3-a4bb-1fa4067db4f1
teenvision,9f8e9ba4-fb57-4a0c-b7d8-c7cd2494d306
miaherasmelero,7da22147-e6d7-4a0e-9eb4-ceb99c4eda60
kris872x,df9c24e1-f722-4686-ab11-d6119dbcbd62
simsezzz,06e8cd8c-1d55-4e9c-be5d-ce5c689b27dd
dagmei,b7455c89-b57d-460a-9dc0-b74eb63f5f31
soho1303,abde918c-cab7-435a-8e95-7c27781fa82d
askear,a422a1d8-7da0-49ae-bb9b-d1a80a1134e7
fuglen,f9dd5e0f-0d65-4f18-b6a9-6142898c4883
sir_sky,94ec962b-3d0d-4fd2-9477-37c46824032f
callmebirdy,5dc5bcfe-517d-42e7-b4a0-dffcce4c906f
simonbird883,2d668561-c6d9-4880-9c43-5621c31beb66
darkdwolia,de62bc17-850e-4d51-bcb1-e06aa566740a
solhverv,0da32762-f514-4819-a6ae-cf3af36e4d3f
alleerseje,eb708098-9da6-4f33-9cdb-b0ddb1323533
sirmuskrat,2c766e75-7ab0-4d4d-87ea-a903774af2ef
jonathan28282,f66320b8-c1a6-4785-b479-e8681187fb30
its__wolfie,0e88c08a-98ba-4e18-83a1-5a4c5dc38300
thematswag,9f64d480-aacc-495e-9ddd-a661e31b737b
ultra_bot_dk,774883cd-a19e-48ab-ade1-6fbeddf720e9
rrrr_glass2,b3d82fae-a19e-4ce5-84cd-cd5a0937444b
theprokillergirl,094f909e-e8de-45c9-931f-def1f841cd63
eqador,77f8d871-0f54-406d-a155-ee779625ed60
lowkeyy1,93f677c0-cd03-4853-8bc5-f18eed6870eb
lucasc_dk,2a007b6b-8868-45f4-a994-23e556fb3030
tjhomass,5118c009-53a9-448c-a203-5a8869fe06c1
thezorbawolfie,2a7a05de-8b62-4a46-8370-4a722b3d3fdf
junchershoj,26659fc1-c30b-4f0f-bb6a-34871599b0e2
mtxwilliam,cbf93616-28b5-48a1-9c00-f2c1b3fe4cd4
pro2003gg,f6542eee-0442-449e-bcbc-28b115e0d048
pink_soul,20e61a12-25d7-4948-8439-1554851088e6
todifloor,47459ca2-0af5-4d6b-9686-594f2ca8655b
w0lfeng8s,ddab6a6a-3124-4616-8f75-53f275f83af8
shnark_,f921af17-cd9e-4b14-a0ce-99f82e3dedf6
ilovetfb,1a8f300c-7261-4e32-b485-7b163bbfb0de
baconwollf,909ad8f8-8c4e-4ec0-bb6c-ca799e1754c3
jehovasvidner,315f7833-922c-4c19-8eb2-cdf66227aab5
dvwood,2f6da6a5-62b4-45a7-bfe5-ae70990cfa60
sm0lmi,ff78398b-80da-4ece-99e8-985639e46d19
wpqldnf,616a3926-e359-448e-beb4-b9955c515815
masterskoda,65032770-ad77-4112-967b-bc6de84b603c
neerle,8f3b61e8-4025-4cb3-97d6-78c1d6abe8f1
pspsps,2d64e6d6-ffa5-4c74-9b04-1ebacd46e3f0
nissen4370,7278b437-1e42-4c8a-8c54-3cf1a553a257
zommbi2200,abdf7ab4-e107-4208-8eb7-7cfcbffb1c78
scott64,27fffcef-9873-4961-8a25-a6e95fb95e0c
alescomusic,3805eefe-4de4-449c-bd57-2b336cacd48d
defuunly,fd1c52d4-abad-4ad2-bd6a-b4de0d7ca3c9
noob1234675,0a472818-182a-47c6-887a-c881c71dbf9b
linde_yt,36febf5f-1541-432b-b105-6697166f9c9a
viilum,1c3cd3b8-0e72-4798-99f7-432f8e1b3983
dkbay,b8d27693-a94b-42e7-a0d2-3fb27560003b
marcus_nielsen8,3d61b9b3-624f-4499-80dd-a7e706c71bd2
jyden98,eebaca2b-0604-45dd-8462-28922f5f605d
morvalanka_,0060eeda-96f7-4ef8-b6dd-8cd83ac68d99
unsaidmarlin193,60309c68-59be-41bd-a73b-87183d88b40e
weltherrschaft,63aa4994-b190-47a3-abfe-a11dd70492ca
im_trofast,be3b99ad-0a0c-49c5-bf32-1710feb122ae
itz_teenvision,9f8e9ba4-fb57-4a0c-b7d8-c7cd2494d306
stinebird999,ac817bae-568c-4e99-9887-88bb563b3cd2
kitty_forest,bff5155a-e906-4d8d-8c30-685b1560e4fb
kianlindell,25a79130-3040-4321-82a0-82c5fc2860ff
haim1337,698afd58-653b-46d8-b418-ec93b031cc30
slimthomas,e0a852e4-48f0-4454-b168-8b6cfa40f0cc
drunk_bill_clint,b10d77c4-3ba9-4fce-b5a9-01f2cbf79b0d
jeremy_fritz,a964f2e4-cee9-4ea5-be4e-bb4741daf5cd
tourde000,788d8b98-1a93-4988-afd5-e110a1483057
superninjadk,ec4cb1ee-77c0-4ec4-b824-f3771592460d
zumotokachirika,5fb07786-86d7-4dcb-86a9-2902d162733b
sshulkss,4f4b589e-e4e3-488f-a093-1cf031ebd9c3
katiedeforest,75274f2b-c381-4615-8cb3-1b3a0acac583
simse22,8e87ec27-8f0b-4824-b4e3-fc089cb959c3
groundzero0,ebdd43fc-ad55-4e5e-ae3e-c3de46bb0e72
kr1st0_dk,115f6959-3a21-4ac9-943b-8de5c9ad3207
mkr04,87fea604-f082-4f1c-8931-3faf236e786a
tcpcille,48f5d79e-0bfd-4e92-ac30-1edc2b654a36
alternativesoap,0c0fdc63-346c-46ca-ad43-85d555ce2d2c
id71584,b4061ed1-0be4-43a0-94a9-15e603fa4662
mooooster,aa2fd1d9-e037-4996-821a-b1c6c63a8c3e
the_1nce,6d8f8413-b8ab-400f-8234-7aecb554eb60
kitkatlimse,4144960c-5c32-4498-88fe-5c57773aafd6
refurb,afc45a03-7e16-486d-8b1a-ccb8d14b9d21
robotami,84c9c215-d9e3-46bd-a58c-0e4b4c003294
mln_mathias,589d17dc-c6ae-4d31-bc44-074d3645eb47
zhelly,ff78398b-80da-4ece-99e8-985639e46d19
comboht,ce0f29c9-52a3-40f8-8191-35b591973b6a
undertaker0203,fe7b0854-5583-453b-be86-d0b13d3248de
kriller2022,51d4963e-8df7-46c4-b13c-3f05880344e8
ritter_konstor,7bcac875-8f17-4e55-b10b-fc8a57e8bfaa
trumpdahunk,e5c7fc1b-b5e3-4029-8c27-d4db7e5263ac
enafdeseje,90945635-8701-4650-b87f-759627646495
_psykick_,9f8e9ba4-fb57-4a0c-b7d8-c7cd2494d306
frejs99,642ea0ef-5f4b-477c-b3d7-aefb8f866d75
kristodk,8cd80925-a04c-4b4e-8acc-0e7d28281266
bluetops_tv,8db244a3-9be9-4639-a41f-b2397de53fb2
silact,19e8c696-740b-4a10-b2c4-88070cd65a2c
mublemc,f945279e-fc24-468c-b115-497b942f3d4c
bcilitorb,689d67ce-0872-485e-9601-93de156d572d
hairymeat,52b62948-7043-4d5b-9b32-a5140c1fde48
jhittabugem,ed2dd79b-8369-4a9f-9729-a6558dfd0fe6
firedragon91245,54d57b7e-87ed-468d-84f9-7d11cd600fba
jakobxx,ffe88a1d-06dd-4554-86c3-5031901eb0a9
admiralautismou,4978c420-2433-4998-bb35-e182ac9e672c
smedehusxd,7e443b09-370b-4811-8245-461c9acdc80a
emilprintz,739b4fdd-e0e1-4121-bbeb-03a70adbc8e9
daffylo,29cac54f-3464-458a-aee1-bdecbee257df
tigergamerdk,1660ddaa-74fe-41ca-a0dd-8714eb59331b
logikhovede,4505b193-15b7-4100-a940-b477f4d16918
_clara2005,5dd0d965-9e8e-43c5-bcb5-06e6a4d62eed
fisk3466,e56fe890-a043-437e-8f83-abf20591b60b
novaphantom23,d40fbc36-7c6f-474e-96fb-bf93a42fc6b6
kotreq,ca14a613-c2ae-4a5b-b121-832dd8bab6f4
theturtlelegend,64ffea7b-85ad-4533-b9fb-a785ced084e9
mellyboo,58b1704b-f296-48b0-af6b-7270a758f420
gokzilla3,defcd4cc-6ebd-45e1-af98-6993771f6034
smelborp,08d1fe6c-940d-46e8-a3f5-1a76235dd3da
danielherbert,352e701a-1cb9-4092-a19b-38a259b3cde8
porkyneverdies,47b10798-6588-41bd-ae4f-1ee0365a94e2
sabinegh,9d0ce26f-5750-48d2-961f-59e1a4ca7c9e
natti_xd,89032b97-242c-4920-94a6-7a5067199e94
_twokinds_,54d2d90e-6ddd-462b-82fb-2ae5901ec93f
magn4965,5708b5f6-f4eb-4eec-8cde-9d37b2991772
sebaphil210409,68f5613e-6c76-4b37-8f69-22c62cc35958
maghos213,7368b03e-aa81-4f57-9498-3a87e734ddaf
whotoldyou,90470d8b-bae3-4a18-ab2f-cccaf31e6cbd
