berthbot,aaaaaaaa-aaaa-aaaa-aaaa-aaaaaaaaaaaa
dkbay,b8d27693-a94b-42e7-a0d2-3fb27560003b
marcus_nielsen8,3d61b9b3-624f-4499-80dd-a7e706c71bd2
morvalanka_,0060eeda-96f7-4ef8-b6dd-8cd83ac68d99
sovs100jr,ecadf1a2-02a4-4805-901c-022b3f261542
im_trofast,be3b99ad-0a0c-49c5-bf32-1710feb122ae
skibet_dk,af9d1256-67c5-49ed-969d-038e3c43f4af
_joness_,4ed8922d-8e9e-4b7f-b8df-a7329fb595da
stinebird999,ac817bae-568c-4e99-9887-88bb563b3cd2
kianlindell,25a79130-3040-4321-82a0-82c5fc2860ff
skibet_dkk,b20b452d-a1c4-4b3f-84ca-9ac043d64e03
chaskie,381242bc-b185-4ba7-9cc4-07472e2a2ee7
laukage,302a4094-299c-4843-ba76-5bca5f5608b6
p0larbear_,58451f79-1ca4-452d-b5d7-a30b6f3ea516
tourde000,788d8b98-1a93-4988-afd5-e110a1483057
katiedeforest,75274f2b-c381-4615-8cb3-1b3a0acac583
teenvision,9f8e9ba4-fb57-4a0c-b7d8-c7cd2494d306
groundzero0,ebdd43fc-ad55-4e5e-ae3e-c3de46bb0e72
kris872x,df9c24e1-f722-4686-ab11-d6119dbcbd62
mkr04,87fea604-f082-4f1c-8931-3faf236e786a
tcpcille,48f5d79e-0bfd-4e92-ac30-1edc2b654a36
mooooster,aa2fd1d9-e037-4996-821a-b1c6c63a8c3e
fuglen,f9dd5e0f-0d65-4f18-b6a9-6142898c4883
simonbird883,2d668561-c6d9-4880-9c43-5621c31beb66
darkdwolia,de62bc17-850e-4d51-bcb1-e06aa566740a
comboht,ce0f29c9-52a3-40f8-8191-35b591973b6a
_psykick_,9f8e9ba4-fb57-4a0c-b7d8-c7cd2494d306
zaceyka,b0c038e5-2851-4ece-9c6a-3f55d8110cdd
thematswag,9f64d480-aacc-495e-9ddd-a661e31b737b
ultra_bot_dk,774883cd-a19e-48ab-ade1-6fbeddf720e9
bluetops_tv,8db244a3-9be9-4639-a41f-b2397de53fb2
theprokillergirl,094f909e-e8de-45c9-931f-def1f841cd63
jakobxx,ffe88a1d-06dd-4554-86c3-5031901eb0a9
lucasc_dk,2a007b6b-8868-45f4-a994-23e556fb3030
pro2003gg,f6542eee-0442-449e-bcbc-28b115e0d048
pink_soul,20e61a12-25d7-4948-8439-1554851088e6
daffylo,29cac54f-3464-458a-aee1-bdecbee257df
logikhovede,4505b193-15b7-4100-a940-b477f4d16918
_clara2005,5dd0d965-9e8e-43c5-bcb5-06e6a4d62eed
ilovetfb,1a8f300c-7261-4e32-b485-7b163bbfb0de
baconwollf,909ad8f8-8c4e-4ec0-bb6c-ca799e1754c3
dvwood,2f6da6a5-62b4-45a7-bfe5-ae70990cfa60
novaphantom23,d40fbc36-7c6f-474e-96fb-bf93a42fc6b6
theturtlelegend,64ffea7b-85ad-4533-b9fb-a785ced084e9
gokzilla3,defcd4cc-6ebd-45e1-af98-6993771f6034
neerle,8f3b61e8-4025-4cb3-97d6-78c1d6abe8f1
zommbi2200,abdf7ab4-e107-4208-8eb7-7cfcbffb1c78
sabinegh,9d0ce26f-5750-48d2-961f-59e1a4ca7c9e
natti_xd,89032b97-242c-4920-94a6-7a5067199e94
_twokinds_,54d2d90e-6ddd-462b-82fb-2ae5901ec93f
magn4965,5708b5f6-f4eb-4eec-8cde-9d37b2991772
