dkbay,b8d27693-a94b-42e7-a0d2-3fb27560003b
faction_0,eeff70cf-b1ae-3a17-9ae1-caffc7ecad59
jeremy_fritz,a964f2e4-cee9-4ea5-be4e-bb4741daf5cd
faction__1,4088f786-4aa1-3034-b453-eaad63ae41d6
faction_2,8d799956-3ef3-3663-8090-eb48cab00c6e
faction__2,ea233630-7d07-38f9-8258-fca44459517d
dvwood,2f6da6a5-62b4-45a7-bfe5-ae70990cfa60
katiedeforest,75274f2b-c381-4615-8cb3-1b3a0acac583
im_trofast,be3b99ad-0a0c-49c5-bf32-1710feb122ae
theprokillergirl,094f909e-e8de-45c9-931f-def1f841cd63
pspsps,2d64e6d6-ffa5-4c74-9b04-1ebacd46e3f0
fuglen,f9dd5e0f-0d65-4f18-b6a9-6142898c4883
lucasc_dk,2a007b6b-8868-45f4-a994-23e556fb3030
kianlindell,25a79130-3040-4321-82a0-82c5fc2860ff
pink_soul,20e61a12-25d7-4948-8439-1554851088e6
